{
  "pos": [
    {
      "title": "TCS: What does IT giant's new work model mean for India?",
      "body": "When India imposed a lockdown last year to curb the spread of Covid, IT behemoth Tata Consultancy Services (TCS), which employs more than 500,000 people, shut its offices overnight. ",
      "author": "User1",
      "id": 1
    },
    {
      "title": "Hard sells and ‘toxic’ targets: How Indian edtech giant Byju’s fuels its meteoric rise",
      "body": "Since Byju’s launched The Learning App in 2015, the Indian edtech company, named for its co-founder Byju Raveendran, has become an education behemoth.",
      "author": "User2",
      "id": 2
    }
  ]
}